{"condition": [2], "type": [-1], "ierarchy": [-1], "group": [0], "kind": [0], "ripeness": [-1], "stage": [-1], "integrity": [-1], "mask": ["302 102 602 105 902 108 1202 110 1502 113 1802 117 2102 119 2402 121 2702 125 3002 129 3302 132 3602 134 3902 137 4202 140 4502 143 4802 145 5102 148 5402 151 5702 155 6002 157 6302 160 6602 164 6902 167 7202 170 7502 172 7802 175 8102 179 8402 181 8702 183 9002 187 9302 190 9602 192 9902 195 10202 198 10502 202 10802 204 11102 206 11402 209 11702 211 12002 213 12302 215 12602 218 12902 220 13202 222 13502 224 13802 227 14102 229 14402 231 14702 232 15002 235 15302 237 15602 239 15902 240 16202 242 16502 243 16802 245 17102 246 17402 247 17702 249 18002 250 18302 251 18602 253 18902 254 19202 255 19502 256 19802 258 20102 259 20402 261 20702 262 21002 263 21302 264 21602 265 21902 266 22202 268 22502 269 22802 270 23102 271 23402 272 23702 273 24002 274 24302 275 24602 276 24902 278 25203 278 25504 278 25806 277 26107 277 26409 276 26710 276 27011 276 27312 276 27614 275 27915 275 28216 275 28517 275 28818 275 29119 275 29420 275 29722 275 30023 275 30325 274 30626 274 30928 272 31229 271 31531 269 31832 268 32133 267 32435 265 32737 263 33038 262 33340 260 33641 259 33943 257 34244 256 34546 254 34848 252 35151 249 35452 248 35754 246 36055 245 36357 243 36659 241 36960 240 37262 238 37564 236 37865 235 38166 234 38467 233 38769 231 39070 230 39371 229 39673 227 39975 225 40276 224 40577 223 40878 222 41180 220 41481 219 41782 218 42083 217 42385 215 42686 214 42987 213 43288 212 43590 210 43891 209 44193 207 44494 206 44796 204 45097 203 45399 201 45700 200 46002 198 46303 197 46604 196 46906 194 47208 192 47509 191 47810 190 48112 188 48414 186 48715 185 49016 184 49318 182 49620 180 49922 178 50223 177 50524 176 50827 173 51128 172 51430 170 51732 168 52034 166 52336 164 52637 163 52939 161 53242 158 53544 156 53845 155 54148 152 54450 150 54752 148 55054 146 55356 144 55658 142 55960 140 56262 138 56564 136 56867 133 57169 131 57470 130 57772 128 58074 126 58375 125 58676 124 58978 122 59280 120 59582 118"], "keypoint": [null], "class": [0], "class_type": [2], "height": 200, "width": 300, "tag_nums": ["diseased"], "id_names": ["Corn_Common_Rust (59).jpg.json_2_0"], "centroids": [[98.10220668033281, 154.16093090558303]], "main_diag": [[[69.51275599423451, 241.24613907205855], [1, 198]]], "alpha_horizons": [131.08006445751482]}